{
	"type": "minecraft:barter",
	"pools": [
		{
			"rolls": 1,
			"bonus_rolls": 0,
			"entries": [
				{
					"type": "minecraft:item",
					"weight": 3,
					"name": "minecraft:potion",
					"functions": [
						{
							"function": "minecraft:set_potion",
							"id": "minecraft:long_fire_resistance"
						}
					]
				},
                {
					"type": "minecraft:item",
					"weight": 5,
					"name": "minecraft:rib_armor_trim_smithing_template"
				},
				{
					"type": "minecraft:item",
					"weight": 5,
					"name": "minecraft:book",
					"functions": [
						{
							"function": "minecraft:enchant_randomly",
							"enchantments": [
								"minecraft:soul_speed"
							]
						}
					]
				},
                {
					"type": "minecraft:item",
					"weight": 5,
					"name": "minecraft:golden_carrot",
					"functions": [
						{
							"function": "minecraft:set_count",
							"count": {
								"type": "minecraft:uniform",
								"min": 1,
								"max": 2
							},
							"add": false
						}
					]
				},
                {
					"type": "minecraft:item",
					"weight": 5,
					"name": "minecraft:nether_wart",
					"functions": [
						{
							"function": "minecraft:set_count",
							"count": {
								"type": "minecraft:uniform",
								"min": 1,
								"max": 5
							},
							"add": false
						}
					]
				},
				{
					"type": "minecraft:item",
					"weight": 8,
					"name": "minecraft:iron_boots",
					"functions": [
						{
							"function": "minecraft:enchant_randomly",
							"enchantments": [
								"minecraft:soul_speed"
							]
						}
					]
				},
                {
					"type": "minecraft:item",
					"weight": 8,
					"name": "minecraft:glistering_melon_slice",
					"functions": [
						{
							"function": "minecraft:set_count",
							"count": {
								"type": "minecraft:uniform",
								"min": 1,
								"max": 2
							},
							"add": false
						}
					]
				},
				{
					"type": "minecraft:item",
					"weight": 8,
					"name": "minecraft:potion",
					"functions": [
						{
							"function": "minecraft:set_potion",
							"id": "minecraft:fire_resistance"
						}
					]
				},
				{
					"type": "minecraft:item",
					"weight": 8,
					"name": "minecraft:splash_potion",
					"functions": [
						{
							"function": "minecraft:set_potion",
							"id": "minecraft:fire_resistance"
						}
					]
				},
				{
					"type": "minecraft:item",
					"weight": 10,
					"name": "minecraft:potion",
					"functions": [
						{
							"function": "minecraft:set_potion",
							"id": "minecraft:water"
						}
					]
				},
				{
					"type": "minecraft:item",
					"weight": 10,
					"name": "minecraft:iron_nugget",
					"functions": [
						{
							"function": "minecraft:set_count",
							"count": {
								"type": "minecraft:uniform",
								"min": 10,
								"max": 36
							},
							"add": false
						}
					]
				},
				{
					"type": "minecraft:item",
					"weight": 10,
					"name": "minecraft:ender_pearl",
					"functions": [
						{
							"function": "minecraft:set_count",
							"count": {
								"type": "minecraft:uniform",
								"min": 2,
								"max": 4
							},
							"add": false
						}
					]
				},
                {
					"type": "minecraft:item",
					"weight": 10,
					"name": "minecraft:warped_fungus_on_a_stick"
				},
				{
					"type": "minecraft:item",
					"weight": 20,
					"name": "minecraft:string",
					"functions": [
						{
							"function": "minecraft:set_count",
							"count": {
								"type": "minecraft:uniform",
								"min": 3,
								"max": 9
							},
							"add": false
						}
					]
				},
				{
					"type": "minecraft:item",
					"weight": 20,
					"name": "minecraft:quartz",
					"functions": [
						{
							"function": "minecraft:set_count",
							"count": {
								"type": "minecraft:uniform",
								"min": 5,
								"max": 12
							},
							"add": false
						}
					]
				},
                {
					"type": "minecraft:item",
					"weight": 20,
					"name": "minecraft:crimson_nylium",
					"functions": [
						{
							"function": "minecraft:set_count",
							"count": {
								"type": "minecraft:uniform",
								"min": 1,
								"max": 4
							},
							"add": false
						}
					]
				},
                {
					"type": "minecraft:item",
					"weight": 20,
					"name": "minecraft:warped_nylium",
					"functions": [
						{
							"function": "minecraft:set_count",
							"count": {
								"type": "minecraft:uniform",
								"min": 1,
								"max": 4
							},
							"add": false
						}
					]
				},
				{
					"type": "minecraft:item",
					"weight": 40,
					"name": "minecraft:obsidian",
                    "functions": [
						{
							"function": "minecraft:set_count",
							"count": {
								"type": "minecraft:uniform",
								"min": 1,
								"max": 3
							},
							"add": false
						}
					]
				},
				{
					"type": "minecraft:item",
					"weight": 40,
					"name": "minecraft:crying_obsidian",
					"functions": [
						{
							"function": "minecraft:set_count",
							"count": {
								"type": "minecraft:uniform",
								"min": 1,
								"max": 4
							},
							"add": false
						}
					]
				},
				{
					"type": "minecraft:item",
					"weight": 40,
					"name": "minecraft:fire_charge"
				},
				{
					"type": "minecraft:item",
					"weight": 40,
					"name": "minecraft:leather",
					"functions": [
						{
							"function": "minecraft:set_count",
							"count": {
								"type": "minecraft:uniform",
								"min": 2,
								"max": 4
							},
							"add": false
						}
					]
				},
				{
					"type": "minecraft:item",
					"weight": 40,
					"name": "minecraft:soul_sand",
					"functions": [
						{
							"function": "minecraft:set_count",
							"count": {
								"type": "minecraft:uniform",
								"min": 2,
								"max": 8
							},
							"add": false
						}
					]
				},
				{
					"type": "minecraft:item",
					"weight": 40,
					"name": "minecraft:nether_brick",
					"functions": [
						{
							"function": "minecraft:set_count",
							"count": {
								"type": "minecraft:uniform",
								"min": 2,
								"max": 8
							},
							"add": false
						}
					]
				},
                {
					"type": "minecraft:item",
					"weight": 40,
					"name": "minecraft:glowstone_dust",
					"functions": [
						{
							"function": "minecraft:set_count",
							"count": {
								"type": "minecraft:uniform",
								"min": 2,
								"max": 8
							},
							"add": false
						}
					]
				},
				{
					"type": "minecraft:item",
					"weight": 40,
					"name": "minecraft:spectral_arrow",
					"functions": [
						{
							"function": "minecraft:set_count",
							"count": {
								"type": "minecraft:uniform",
								"min": 6,
								"max": 12
							},
							"add": false
						}
					]
				},
				{
					"type": "minecraft:item",
					"weight": 40,
					"name": "minecraft:gravel",
					"functions": [
						{
							"function": "minecraft:set_count",
							"count": {
								"type": "minecraft:uniform",
								"min": 8,
								"max": 16
							},
							"add": false
						}
					]
				},
				{
					"type": "minecraft:item",
					"weight": 40,
					"name": "minecraft:blackstone",
					"functions": [
						{
							"function": "minecraft:set_count",
							"count": {
								"type": "minecraft:uniform",
								"min": 8,
								"max": 16
							},
							"add": false
						}
					]
				}
			]
		}
	],
	"random_sequence": "minecraft:gameplay/piglin_bartering"
}
