{
	"type": "minecraft:ruined_portal",
	"biomes": "#minecraft:has_structure/ruined_portal_standard",
	"step": "surface_structures",
	"spawn_overrides": {},
	"setups": [
		{
			"placement": "underground",
			"air_pocket_probability": 1,
			"mossiness": 0.2,
			"overgrown": false,
			"vines": false,
			"can_be_cold": true,
			"replace_with_blackstone": false,
			"weight": 0.5
		},
		{
			"placement": "on_land_surface",
			"air_pocket_probability": 0.5,
			"mossiness": 0.2,
			"overgrown": false,
			"vines": false,
			"can_be_cold": true,
			"replace_with_blackstone": false,
			"weight": 0.5
		},
		{
			"placement": "on_land_surface",
			"air_pocket_probability": 0.5,
			"mossiness": 0.2,
			"overgrown": false,
			"vines": true,
			"can_be_cold": true,
			"replace_with_blackstone": false,
			"weight": 0.6
		}
	]
}
