{
  "condition": "minecraft:any_of",
  "terms": [
    {
      "condition": "minecraft:entity_properties",
      "entity": "this",
      "predicate": {
        "type": "minecraft:item",
        "nbt": "{Item:{id:\"minecraft:allay_spawn_egg\"}}"
      }
    },
    {
      "condition": "minecraft:entity_properties",
      "entity": "this",
      "predicate": {
        "type": "minecraft:item",
        "nbt": "{Item:{id:\"minecraft:axolotl_spawn_egg\"}}"
      }
    },
    {
      "condition": "minecraft:entity_properties",
      "entity": "this",
      "predicate": {
        "type": "minecraft:item",
        "nbt": "{Item:{id:\"minecraft:bat_spawn_egg\"}}"
      }
    },
    {
      "condition": "minecraft:entity_properties",
      "entity": "this",
      "predicate": {
        "type": "minecraft:item",
        "nbt": "{Item:{id:\"minecraft:bee_spawn_egg\"}}"
      }
    },
    {
      "condition": "minecraft:entity_properties",
      "entity": "this",
      "predicate": {
        "type": "minecraft:item",
        "nbt": "{Item:{id:\"minecraft:blaze_spawn_egg\"}}"
      }
    },
    {
      "condition": "minecraft:entity_properties",
      "entity": "this",
      "predicate": {
        "type": "minecraft:item",
        "nbt": "{Item:{id:\"minecraft:camel_spawn_egg\"}}"
      }
    },
    {
      "condition": "minecraft:entity_properties",
      "entity": "this",
      "predicate": {
        "type": "minecraft:item",
        "nbt": "{Item:{id:\"minecraft:cat_spawn_egg\"}}"
      }
    },
    {
      "condition": "minecraft:entity_properties",
      "entity": "this",
      "predicate": {
        "type": "minecraft:item",
        "nbt": "{Item:{id:\"minecraft:cave_spider_spawn_egg\"}}"
      }
    },
    {
      "condition": "minecraft:entity_properties",
      "entity": "this",
      "predicate": {
        "type": "minecraft:item",
        "nbt": "{Item:{id:\"minecraft:chicken_spawn_egg\"}}"
      }
    },
    {
      "condition": "minecraft:entity_properties",
      "entity": "this",
      "predicate": {
        "type": "minecraft:item",
        "nbt": "{Item:{id:\"minecraft:cod_spawn_egg\"}}"
      }
    },
    {
      "condition": "minecraft:entity_properties",
      "entity": "this",
      "predicate": {
        "type": "minecraft:item",
        "nbt": "{Item:{id:\"minecraft:bundle\"}}"
      }
    }
  ]
}
