{
    "condition": "minecraft:value_check",
    "value": {
      "type": "minecraft:score",
      "target": "this",
      "score": "Glow-ID"
    },
    "range": {
      "min": {
        "type": "minecraft:score",
        "target": {
          "type": "minecraft:fixed",
          "name": "[Get-ID]"
        },
        "score": "Glow-General"
      },
      "max": {
        "type": "minecraft:score",
        "target": {
          "type": "minecraft:fixed",
          "name": "[Get-ID]"
        },
        "score": "Glow-General"
      }
    }
  }