{
	"display": {
		"icon": {
			"item": "minecraft:music_disc_pigstep"
		},
		"title": {
			"translate": "Pigs Step!"
		},
		"description": {
			"translate": "Obtain a Pigstep Music Disc from a bastion"
		},
		"frame": "task"
	},
	"parent": "minecraft:nether/loot_bastion",
	"criteria": {
		"get_pigstep": {
			"trigger": "minecraft:inventory_changed",
			"conditions": {
				"player": {
					"location": {
						"structure": "bastion_remnant"
					}
				},
				"items": [
					{
						"items": [
							"minecraft:music_disc_pigstep"
						]
					}
				]
			}
		}
	},
	"requirements": [
		[
			"get_pigstep"
		]
	]
}
