{
	"display": {
		"icon": {
			"item": "minecraft:enchanted_golden_apple"
		},
		"title": {
			"translate": "Overpowered"
		},
		"description": {
			"translate": "Consume an Enchanted Golden Apple"
		},
		"frame": "challenge"
	},
	"parent": "minecraft:nether/root",
	"criteria": {
		"eat_ench_apple": {
			"trigger": "minecraft:consume_item",
			"conditions": {
				"item": {
					"items": [
						"minecraft:enchanted_golden_apple"
					]
				}
			}
		}
	},
	"requirements": [
		[
			"eat_ench_apple"
		]
	],
	"rewards": {
		"experience": 500
	}
}
