{
  "display": {
    "icon": {
      "item": "minecraft:glow_ink_sac"
    },
    "title": {
      "translate": "advancements.adventure.glowing.title",
      "italic": false
    },
    "description": {
      "translate": "advancements.adventure.glowing.description",
      "italic": false
    },
    "frame": "task",
    "show_toast": true,
    "announce_to_chat": true
  },
  "parent": "minecraft:adventure/trim_with_any_armor_pattern",
  "criteria": {
    "glow": {
      "trigger": "minecraft:impossible"
    }
  }
}
