{
	"type": "minecraft:random_selector",
	"config": {
		"features": [
			{
				"chance": 0.6,
				"feature": {
					"feature": {
						"type": "minecraft:tree",
						"config": {
							"minimum_size": {
								"type": "minecraft:three_layers_feature_size"
							},
							"dirt_provider": {
								"type": "minecraft:simple_state_provider",
								"state": {
									"Name": "minecraft:warped_nylium"
								}
							},
							"trunk_provider": {
								"type": "minecraft:weighted_state_provider",
								"entries": [
									{
										"weight": 1,
										"data": {
											"Name": "minecraft:warped_stem",
											"Properties": {
												"axis": "y"
											}
										}
									}
								]
							},
							"foliage_provider": {
								"type": "minecraft:weighted_state_provider",
								"entries": [
									{
										"weight": 2,
										"data": {
											"Name": "minecraft:warped_wart_block"
										}
									},
									{
										"weight": 1,
										"data": {
											"Name": "minecraft:air"
										}
									}
								]
							},
							"trunk_placer": {
								"type": "minecraft:fancy_trunk_placer",
								"base_height": 8,
								"height_rand_a": 13,
								"height_rand_b": 9
							},
							"foliage_placer": {
								"type": "minecraft:jungle_foliage_placer",
								"radius": {
									"type": "minecraft:uniform",
									"value": {
										"min_inclusive": 2,
										"max_inclusive": 3
									}
								},
								"offset": {
									"type": "minecraft:constant",
									"value": 1
								},
								"height": 3
							},
							"decorators": []
						}
					},
					"placement": []
				}
			}
		],
		"default": {
			"feature": "nether:warped_forest/bush",
			"placement": []
		}
	}
}
