{
  "type": "minecraft:random_patch",
  "config": {
    "tries": 64,
    "xz_spread": 11,
    "y_spread": 11,
    "feature": {
      "feature": {
        "type": "minecraft:simple_block",
        "config": {
          "to_place": {
            "type": "minecraft:simple_state_provider",
            "state": {
              "Name": "minecraft:soul_fire"
            }
          }
        }
      },
      "placement": [
        {
          "type": "minecraft:block_predicate_filter",
          "predicate": {
            "type": "minecraft:all_of",
            "predicates": [
              {
                "type": "minecraft:matching_blocks",
                "blocks": [
                  "minecraft:air"
                ]
              },
              {
                "type": "minecraft:matching_blocks",
                "offset": [
                  0,
                  -1,
                  0
                ],
                "blocks": [
                  "minecraft:soul_sand",
                  "minecraft:soul_soil"
                ]
              },
              {
                "type": "minecraft:not",
                "predicate": {
                  "type": "minecraft:matching_blocks",
                  "blocks": [
                    "minecraft:lava"
                  ]
                }
              },
              {
                "type": "minecraft:not",
                "predicate": {
                  "type": "minecraft:matching_blocks",
                  "offset": [
                    0,
                    1,
                    0
                  ],
                  "blocks": [
                    "minecraft:lava"
                  ]
                }
              },
              {
                "type": "minecraft:matching_blocks",
                "blocks": [
                  "minecraft:air"
                ]
              }
            ]
          }
        }
      ]
    }
  }
}
