{
  "type": "minecraft:random_patch",
  "config": {
    "tries": 150,
    "xz_spread": 11,
    "y_spread": 11,
    "feature": {
      "feature": {
        "type": "minecraft:simple_block",
        "config": {
          "to_place": {
            "type": "minecraft:weighted_state_provider",
            "entries": [
              {
                "weight": 60,
                "data": {
                  "Name": "minecraft:nether_wart",
                  "Properties": {
                    "age": "0"
                  }
                }
              },
              {
                "weight": 45,
                "data": {
                  "Name": "minecraft:nether_wart",
                  "Properties": {
                    "age": "1"
                  }
                }
              },
              {
                "weight": 30,
                "data": {
                  "Name": "minecraft:nether_wart",
                  "Properties": {
                    "age": "2"
                  }
                }
              },
              {
                "weight": 15,
                "data": {
                  "Name": "minecraft:nether_wart",
                  "Properties": {
                    "age": "3"
                  }
                }
              }
            ]
          }
        }
      },
      "placement": [
        {
          "type": "minecraft:block_predicate_filter",
          "predicate": {
            "type": "minecraft:all_of",
            "predicates": [
              {
                "type": "minecraft:matching_blocks",
                "blocks": [
                  "minecraft:air"
                ]
              },
              {
                "type": "minecraft:matching_blocks",
                "offset": [
                  0,
                  -1,
                  0
                ],
                "blocks": [
                  "minecraft:soul_sand"
                ]
              },
              {
                "type": "minecraft:not",
                "predicate": {
                  "type": "minecraft:matching_blocks",
                  "blocks": [
                    "minecraft:lava"
                  ]
                }
              },
              {
                "type": "minecraft:not",
                "predicate": {
                  "type": "minecraft:matching_blocks",
                  "offset": [
                    0,
                    1,
                    0
                  ],
                  "blocks": [
                    "minecraft:lava"
                  ]
                }
              },
              {
                "type": "minecraft:matching_blocks",
                "blocks": [
                  "minecraft:air"
                ]
              }
            ]
          }
        }
      ]
    }
  }
}
