{
	"temperature": 2,
	"downfall": 0,
	"has_precipitation": false,
	"effects": {
		"sky_color": 7254527,
		"fog_color": 1787717,
		"water_color": 4159204,
		"water_fog_color": 329011,
		"ambient_sound": "minecraft:ambient.soul_sand_valley.loop",
		"mood_sound": {
			"sound": "minecraft:ambient.soul_sand_valley.mood",
			"tick_delay": 6000,
			"block_search_extent": 8,
			"offset": 2
		},
		"additions_sound": {
			"sound": "minecraft:ambient.soul_sand_valley.additions",
			"tick_chance": 0.0111
		},
		"music": {
			"sound": "minecraft:music.nether.soul_sand_valley",
			"min_delay": 12000,
			"max_delay": 24000,
			"replace_current_music": false
		},
		"particle": {
			"options": {
				"type": "minecraft:ash"
			},
			"probability": 0.00625
		}
	},
	"spawners": {
		"monster": [
			{
				"type": "minecraft:skeleton",
				"weight": 20,
				"minCount": 5,
				"maxCount": 5
			},
			{
				"type": "minecraft:skeleton",
				"weight": 10,
				"minCount": 3,
				"maxCount": 3
			},
			{
				"type": "minecraft:ghast",
				"weight": 50,
				"minCount": 4,
				"maxCount": 4
			},
			{
				"type": "minecraft:enderman",
				"weight": 1,
				"minCount": 4,
				"maxCount": 4
			}
		],
		"creature": [],
		"ambient": [],
		"underground_water_creature": [],
		"water_creature": [],
		"water_ambient": [],
		"misc": []
	},
	"spawn_costs": {
		"minecraft:enderman": {
			"energy_budget": 0.15,
			"charge": 0.7
		},
		"minecraft:ghast": {
			"energy_budget": 0.15,
			"charge": 0.7
		},
		"minecraft:skeleton": {
			"energy_budget": 0.15,
			"charge": 0.7
		},
		"minecraft:wither_skeleton": {
			"energy_budget": 0.15,
			"charge": 0.7
		},
		"minecraft:strider": {
			"energy_budget": 0.15,
			"charge": 0.7
		}
	},
	"carvers": {
		"air": [
			"minecraft:nether_cave"
		]
	},
	"features": [
		[
			"nether:hills",
			"nether:stalactite",
			"nether:soul_sand_valley/hills",
			"nether:soul_sand_valley/stalactite"
		],
		[],
		[
			"minecraft:basalt_pillar"
		],
		[],
		[],
		[],
		[],
		[
			"minecraft:spring_open",
			"minecraft:patch_fire",
			"minecraft:patch_soul_fire",
			"minecraft:glowstone_extra",
			"minecraft:glowstone",
			"minecraft:patch_crimson_roots",
			"minecraft:ore_magma",
			"minecraft:spring_closed",
			"minecraft:ore_soul_sand",
			"minecraft:ore_gravel_nether",
			"minecraft:ore_blackstone",
			"minecraft:ore_gold_nether",
			"minecraft:ore_quartz_nether",
			"minecraft:ore_ancient_debris_large",
			"minecraft:ore_debris_small",
			"nether:nether_geode"
		],
		[
			"nether:soul_sand_valley/weeping_vines",
			"nether:soul_sand_valley/decorate"
		],
		[
			"minecraft:spring_lava"
		]
	]
}
